Sample_ID,Corrected_Sample_ID,Cow_ID,DIM_Collected,Date_Collected,Date_Recieved,Farm,Sample_Type,Sex,BCS,Parity,Housing_type,Fibrinogen_1DIM,Fibrinogen_3DIM,Fibrinogen_7DIM,Fibrinogen_InflamStat,FIBRINOGEN_MEAN,MeanFibrinogen_InflamStat,ExtractionDate,ExtractionKit,DNAElutionVolume,DNAYield_ng,qpcr_16s_copies_ul,BarcodeSequence,LinkerPrimerSequence,ReverseSequence,general-rawsamplename,general-readlength,general-readlengthr2,general-runname,general-samplename,subsample-rawreads,subsample-subsampledreads,fastqc-meanreadqualityR1,fastqc-meanreadqualityR2,fastqc-meanreadqualityR2,fastqc-pct-deduplicated,fastqc-pct-dimer,fastqc-pct-gc,fastqc-sequencelength,fastqc-totalsequences,dedupmetric-PCRduplication,dedupmetric-Tileduplication,fastqspeciesscreen-pct-Adapters,fastqspeciesscreen-pct-Chloroplast,fastqspeciesscreen-pct-ITS,fastqspeciesscreen-pct-Mitochondria,fastqspeciesscreen-pct-PhiX,fastqspeciesscreen-pct-Synthetic_16S_mock,fastqspeciesscreen-pct-Synthetic_ITS_mock,fastqspeciesscreen-pct-Unaligned,fastqspeciesscreen-pct-Vectors,fastqspeciesscreen-pct-ecoli,fastqspeciesscreen-pct-human,fastqspeciesscreen-pct-mouse,fastqspeciesscreen-pct-rRNA
1083-1,1083-1,1083,1,11/1/24,11/1/24,Loehmer,Blood,F,3.75,1,Freestall,0.5,0.6,0.4,Elevated,0.50,Normal,12/24/24,DNeasy PowerSoil Kits,60 ul,14,118,NA,AGAGTTTGATCMTGGCTCAG,ATTACCGCGGCTGCTGG,1083-1,300,300,20250317_AV241910_Aviti3_Run_106_03_17_25,1083.1.L001,31848,31848,42.8,40.8,1.55,18.55,0,55,300,31848,58.7,20.2,0,14.07,9.65,0.04,0,0,0,16.28,0,7.12,4.63,0.37,47.84
1083-2,1083-2,1083,1,11/2/24,11/2/24,Loehmer,Blood,F,3.75,1,Freestall,0.5,0.6,0.4,Elevated,0.50,Normal,12/25/24,DNeasy PowerSoil Kits,61 ul,20,118,NA,AGAGTTTGATCMTGGCTCAG,ATTACCGCGGCTGCTGG,1083-2,300,300,20250317_AV241910_Aviti3_Run_106_03_17_25,1083.2.L001,34944,34944,43,41,1.4,17.5,0,55,300,34944,56.8,23.4,0,17.74,8.77,0.07,0,0,0,11.61,0,8.71,3.71,0.17,49.22
1083-3,1083-3,1083,1,11/3/24,11/3/24,Loehmer,Blood,F,3.75,1,Freestall,0.5,0.6,0.4,Elevated,0.50,Normal,12/26/24,DNeasy PowerSoil Kits,62 ul,18,118,NA,AGAGTTTGATCMTGGCTCAG,ATTACCGCGGCTGCTGG,1083-3,300,300,20250317_AV241910_Aviti3_Run_106_03_17_25,1083.3.L001,12416,12416,43.1,41.4,1.17,24.48,0,55,300,12416,61.4,10.1,0,18.58,7.73,0.04,0,0,0,13.23,0,6.56,3.61,0.07,50.18
1083-4,1083-4,1083,1,11/4/24,11/4/24,Loehmer,Blood,F,3.75,1,Freestall,0.5,0.6,0.4,Elevated,0.50,Normal,12/27/24,DNeasy PowerSoil Kits,63 ul,24,118,NA,AGAGTTTGATCMTGGCTCAG,ATTACCGCGGCTGCTGG,1083-4,300,300,20250317_AV241910_Aviti3_Run_106_03_17_25,1083.4.L001,24111,24111,42.5,41.1,1.12,16.31,0,56,300,24111,60.9,18.9,0,19.07,7.47,0,0,0,0,11.45,0,7.21,2.8,0.03,51.97
1083-PBS,1083D1LM-PBS,1083,1,11/5/24,11/5/24,Loehmer,Environmental_Control,F,3.75,1,Freestall,0.5,0.6,0.4,Elevated,0.50,Normal,12/24/24,DNeasy PowerSoil Kits,60 ul,0,31,NA,AGAGTTTGATCMTGGCTCAG,ATTACCGCGGCTGCTGG,1083-PBS,300,300,20250317_AV241910_Aviti3_Run_106_03_17_25,1083.PBS.L001,20351,20351,42.8,42.4,0.1,11.22,0,56,300,20351,61.5,23,0,25.56,0.04,0,0,0,0,0.06,0,15.43,0,0,58.91
1179D1LM-PBS,1179D1LM-PBS,1179,1,10/12/24,12/9/24,Loehmer,Environmental_Control,F,4,1,Freestall,0.5,0.6,0.4,Elevated,0.50,Normal,12/24/24,DNeasy PowerSoil Kits,60 ul,0,35,NA,AGAGTTTGATCMTGGCTCAG,ATTACCGCGGCTGCTGG,1179-PBS,300,300,20250317_AV241910_Aviti3_Run_106_03_17_25,1179.PBS.L001,19918,19918,43.1,42.4,0.28,11.7,0,57,300,19918,63.3,21.1,0,30.48,0.04,0,0,0,0,0.56,0,10.59,0,0,58.33
1217D1LM-PBS,1217D1LM-PBS,1217,1,10/13/24,12/9/24,Loehmer,Environmental_Control,F,4,1,Freestall,0.8,0.7,0.6,Elevated,0.70,Elevated,12/24/24,DNeasy PowerSoil Kits,60 ul,0,32,NA,AGAGTTTGATCMTGGCTCAG,ATTACCGCGGCTGCTGG,1217-PBS,300,300,20250317_AV241910_Aviti3_Run_106_03_17_25,1217.PBS.L001,17048,17048,43,42.5,0.35,13.6,0,56,300,17048,65,18,0,28.74,0.29,0,0,0,0,0.08,0,9.47,0,0,61.42
302D1LM-PBS,302D1LM-PBS,302,1,11/5/24,12/9/24,Loehmer,Environmental_Control,F,3,2,Freestall,0.6,0.5,0.5,Elevated,0.53,Normal,12/24/24,DNeasy PowerSoil Kits,60 ul,0,22,NA,AGAGTTTGATCMTGGCTCAG,ATTACCGCGGCTGCTGG,302-PBS,300,300,20250317_AV241910_Aviti3_Run_106_03_17_25,302.PBS.L001,19681,19681,43,42.6,0.11,11.45,0,57,300,19681,64,20.9,0,25.61,0.27,0,0,0,0,0.06,0,9.34,0,0,64.72
6767D1LM-PBS,6767D1LM-PBS,6767,1,11/6/24,12/9/24,Loehmer,Environmental_Control,F,2.75,3,Freestall,0.5,0.8,0.8,Elevated,0.70,Elevated,12/24/24,DNeasy PowerSoil Kits,60 ul,0,37,NA,AGAGTTTGATCMTGGCTCAG,ATTACCGCGGCTGCTGG,6767-PBS,300,300,20250317_AV241910_Aviti3_Run_106_03_17_25,6767.PBS.L001,20655,20655,43,42.4,0.1,11.36,0,56,300,20655,64.2,20.7,0,16.3,0.57,0,0,0,0,0.05,0,15.77,0,0,67.31
N-CONTROL-1,control-extraction-N-CONTROL-1,NA,NA,NA,NA,NA,Extraction_Control,NA,NA,NA,NA,NA,NA,NA,NA,,,2/9/25,DNeasy PowerSoil Kits,60 ul,0,1,NA,AGAGTTTGATCMTGGCTCAG,ATTACCGCGGCTGCTGG,N-CONTROL-1,300,300,20250317_AV241910_Aviti3_Run_106_03_17_25,N.CONTROL.1.L001,35511,35511,42.8,42.6,0.07,9.78,0,56,300,35511,55.5,32.1,0,20.12,0.06,0,0,0,0,0.15,0,10.75,0,0,68.92
N-CONTROL-2,control-extraction-N-CONTROL-2,NA,NA,NA,NA,NA,Extraction_Control,NA,NA,NA,NA,NA,NA,NA,NA,,,2/9/25,DNeasy PowerSoil Kits,60 ul,0,1,NA,AGAGTTTGATCMTGGCTCAG,ATTACCGCGGCTGCTGG,N-CONTROL-2,300,300,20250317_AV241910_Aviti3_Run_106_03_17_25,N.CONTROL.2.L001,18948,18948,42.9,42.6,0.22,11.39,0,56,300,18948,60.3,24.4,0,29.75,0.1,0,0,0,0,0.31,0,6.84,0,0,63
N-CONTROL-3,control-extraction-N-CONTROL-3,NA,NA,NA,NA,NA,Extraction_Control,NA,NA,NA,NA,NA,NA,NA,NA,,,2/9/25,DNeasy PowerSoil Kits,60 ul,0,1,NA,AGAGTTTGATCMTGGCTCAG,ATTACCGCGGCTGCTGG,N-CONTROL-3,300,300,20250317_AV241910_Aviti3_Run_106_03_17_25,N.CONTROL.3.L001,927,927,42.8,42.3,0.03,54.91,0,56,300,927,38.3,1.9,0,23.95,0.32,0,0,0,0,0.54,0,9.49,0,0,65.7
N-CONTROL-4,control-extraction-N-CONTROL-4,NA,NA,NA,NA,NA,Extraction_Control,NA,NA,NA,NA,NA,NA,NA,NA,,,2/9/25,DNeasy PowerSoil Kits,60 ul,0,1,NA,AGAGTTTGATCMTGGCTCAG,ATTACCGCGGCTGCTGG,N-CONTROL-4,300,300,20250317_AV241910_Aviti3_Run_106_03_17_25,N.CONTROL.4.L001,18980,18980,43,42.7,0.09,11,0,57,300,18980,63.6,22.3,0,22.19,0.26,0,0,0,0,0.92,0,11.14,0,0.01,65.48
N-CONTROL-5,control-extraction-N-CONTROL-5,NA,NA,NA,NA,NA,Extraction_Control,NA,NA,NA,NA,NA,NA,NA,NA,,,2/9/25,DNeasy PowerSoil Kits,60 ul,0,1,NA,AGAGTTTGATCMTGGCTCAG,ATTACCGCGGCTGCTGG,N-CONTROL-5,300,300,20250317_AV241910_Aviti3_Run_106_03_17_25,N.CONTROL.5.L001,17077,17077,42.9,42.4,0.07,13.05,0,57,300,17077,63.5,20.2,0,25.41,0.26,0,0,0,0,0.02,0,12.5,0.01,0.01,61.79
TE-1,control-te-1,NA,NA,NA,NA,NA,Reagent_Control,NA,NA,NA,NA,NA,NA,NA,NA,,,2/9/25,DNeasy PowerSoil Kits,60 ul,0,102,NA,AGAGTTTGATCMTGGCTCAG,ATTACCGCGGCTGCTGG,TE-1,300,300,20250317_AV241910_Aviti3_Run_106_03_17_25,TE.1.L001,17192,17192,43.1,42.6,0.21,11.89,0,56,300,17192,64,19.4,0,26.72,0.26,0,0,0,0,0.03,0,12.77,0.01,0,60.21
TE-2,control-te-2,NA,NA,NA,NA,NA,Reagent_Control,NA,NA,NA,NA,NA,NA,NA,NA,,,2/9/25,DNeasy PowerSoil Kits,60 ul,0,102,NA,AGAGTTTGATCMTGGCTCAG,ATTACCGCGGCTGCTGG,TE-2,300,300,20250317_AV241910_Aviti3_Run_106_03_17_25,TE.2.L001,19155,19155,43.1,42.8,0.18,11.74,0,57,300,19155,62,22.5,0,24.55,0.19,0,0,0,0,0.18,0,9.59,0,0,65.49
TE-3,control-te-3,NA,NA,NA,NA,NA,Reagent_Control,NA,NA,NA,NA,NA,NA,NA,NA,,,2/9/25,DNeasy PowerSoil Kits,60 ul,0,102,NA,AGAGTTTGATCMTGGCTCAG,ATTACCGCGGCTGCTGG,TE-3,300,300,20250317_AV241910_Aviti3_Run_106_03_17_25,TE.3.L001,21897,21897,42.6,42.2,0.19,11.37,0,57,300,21897,64,20.1,0,29.49,0.5,0,0,0,0,0.57,0,8.39,0,0,61.05
TE-4,control-te-4,NA,NA,NA,NA,NA,Reagent_Control,NA,NA,NA,NA,NA,NA,NA,NA,,,2/9/25,DNeasy PowerSoil Kits,60 ul,0,102,NA,AGAGTTTGATCMTGGCTCAG,ATTACCGCGGCTGCTGG,TE-4,300,300,20250317_AV241910_Aviti3_Run_106_03_17_25,TE.4.L001,21641,21641,42.6,42.4,0.2,10.64,0,56,300,21641,61,23.9,0,27,0.14,0,0,0,0,2.03,0,14.87,0,0,55.96
TE-5,control-te-5,NA,NA,NA,NA,NA,Reagent_Control,NA,NA,NA,NA,NA,NA,NA,NA,,,2/9/25,DNeasy PowerSoil Kits,60 ul,0,102,NA,AGAGTTTGATCMTGGCTCAG,ATTACCGCGGCTGCTGG,TE-5,300,300,20250317_AV241910_Aviti3_Run_106_03_17_25,TE.5.L001,18666,18666,43.1,42.6,0.23,12.32,0,57,300,18666,63.4,21.1,0,31.19,0.32,0,0,0,0,0.05,0,5.48,0,0,62.96
ZYMO-1,mock-synthetic-ZYMO-1,NA,NA,NA,NA,NA,Mock_ZYMO_D6323,NA,NA,NA,NA,NA,NA,NA,NA,,,2/9/25,DNeasy PowerSoil Kits,60 ul,100,"688,069",NA,AGAGTTTGATCMTGGCTCAG,ATTACCGCGGCTGCTGG,ZYMO-1,300,300,20250317_AV241910_Aviti3_Run_106_03_17_25,ZYMO.1.L001,829127,829127,43.3,42.9,0,1.61,0,52,300,829127,6,92.5,0,1.93,0,0,0,0,0,0.01,0,2.65,0,0,95.41
ZYMO-2,mock-synthetic-ZYMO-2,NA,NA,NA,NA,NA,Mock_ZYMO_D6324,NA,NA,NA,NA,NA,NA,NA,NA,,,2/9/25,DNeasy PowerSoil Kits,60 ul,100,"865,135",NA,AGAGTTTGATCMTGGCTCAG,ATTACCGCGGCTGCTGG,ZYMO-2,300,300,20250317_AV241910_Aviti3_Run_106_03_17_25,ZYMO.2.L001,894661,894661,43.1,42.7,0,1.6,0,52,300,894661,6,92.4,0,1.98,0,0,0,0,0,0.03,0,3.05,0,0,94.94
ZYMO-3,mock-synthetic-ZYMO-3,NA,NA,NA,NA,NA,Mock_ZYMO_D6325,NA,NA,NA,NA,NA,NA,NA,NA,,,2/9/25,DNeasy PowerSoil Kits,60 ul,100,"782,608",NA,AGAGTTTGATCMTGGCTCAG,ATTACCGCGGCTGCTGG,ZYMO-3,300,300,20250317_AV241910_Aviti3_Run_106_03_17_25,ZYMO.3.L001,997948,997948,42.9,42.5,0,1.56,0,52,300,997948,5.5,93,0,2.07,0.02,0,0,0,0,0,0,3.79,0,0,94.12
ZYMO-4,mock-synthetic-ZYMO-4,NA,NA,NA,NA,NA,Mock_ZYMO_D6311,NA,NA,NA,NA,NA,NA,NA,NA,,,2/9/25,DNeasy PowerSoil Kits,60 ul,100,"224,446",NA,AGAGTTTGATCMTGGCTCAG,ATTACCGCGGCTGCTGG,ZYMO-4,300,300,20250317_AV241910_Aviti3_Run_106_03_17_25,ZYMO.4.L001,881511,881511,43.2,43.2,0,0.59,0,54,300,881511,2.6,96.8,0,0.12,0.01,0,0,0.01,0,0,0,0.32,0,0,99.54
ZYMO-5,mock-synthetic-ZYMO-5,NA,NA,NA,NA,NA,Mock_ZYMO_D6312,NA,NA,NA,NA,NA,NA,NA,NA,,,2/9/25,DNeasy PowerSoil Kits,60 ul,100,"173,990",NA,AGAGTTTGATCMTGGCTCAG,ATTACCGCGGCTGCTGG,ZYMO-5,300,300,20250317_AV241910_Aviti3_Run_106_03_17_25,ZYMO.5.L001,329999,329999,42.8,42.6,0,0.8,0,54,300,329999,3.4,95.6,0,0.07,0,0,0,0,0,0,0,0.61,0,0,99.32
SynMock1,mock-synthetic1,NA,NA,NA,NA,NA,Mock,NA,NA,NA,NA,NA,NA,NA,NA,,,,,,,,NA,AGAGTTTGATCMTGGCTCAG,ATTACCGCGGCTGCTGG,SynMock1,300,300,20250317_AV241910_Aviti3_Run_106_03_17_25,SynMock1.L001,746490,746490,38,35.9,0,2.04,0,52,300,746490,6.2,91.6,0,0.33,0,0,0,89.99,0,0,0,0.17,0,0,9.51
SynMock2,mock-synthetic2,NA,NA,NA,NA,NA,Mock,NA,NA,NA,NA,NA,NA,NA,NA,,,,,,,,NA,AGAGTTTGATCMTGGCTCAG,ATTACCGCGGCTGCTGG,SynMock2,300,300,20250317_AV241910_Aviti3_Run_106_03_17_25,SynMock2.L001,965603,965603,42.4,42,0,1.34,0,52,300,965603,5,93.5,0,0.11,0,0,0,96.55,0,0,0,0.13,0,0,3.21