,Sample_ID,Corrected_Sample_ID,Cow_ID,DIM_Collected,Date_Collected,Date_Recieved,Farm,Sample_Type,Sex,BCS,Parity,Housing_type,Fibrinogen_1DIM,Fibrinogen_3DIM,Fibrinogen_7DIM,Fibrinogen_InflamStat,FIBRINOGEN_MEAN,MeanFibrinogen_InflamStat,ExtractionDate,ExtractionKit,DNAElutionVolume,DNAYield_ng,qpcr_16s_copies_ul,BarcodeSequence,LinkerPrimerSequence,ReverseSequence,general.rawsamplename,general.readlength,general.readlengthr2,general.runname,general.samplename,subsample.rawreads,subsample.subsampledreads,fastqc.meanreadqualityR1,fastqc.meanreadqualityR2,fastqc.meanreadqualityR2.1,fastqc.pct.deduplicated,fastqc.pct.dimer,fastqc.pct.gc,fastqc.sequencelength,fastqc.totalsequences,dedupmetric.PCRduplication,dedupmetric.Tileduplication,fastqspeciesscreen.pct.Adapters,fastqspeciesscreen.pct.Chloroplast,fastqspeciesscreen.pct.ITS,fastqspeciesscreen.pct.Mitochondria,fastqspeciesscreen.pct.PhiX,fastqspeciesscreen.pct.Synthetic_16S_mock,fastqspeciesscreen.pct.Synthetic_ITS_mock,fastqspeciesscreen.pct.Unaligned,fastqspeciesscreen.pct.Vectors,fastqspeciesscreen.pct.ecoli,fastqspeciesscreen.pct.human,fastqspeciesscreen.pct.mouse,fastqspeciesscreen.pct.rRNA,CopyNumber,SampleOrControl,is.neg
1179D1LM-PBS,1179D1LM-PBS,1179D1LM-PBS,1179,1,10/12/24,12/9/24,Loehmer,Environmental_Control,FALSE,4,1,Freestall,0.5,0.6,0.4,Elevated,0.5,Normal,12/24/24,DNeasy PowerSoil Kits,60 ul,0,35,NA,AGAGTTTGATCMTGGCTCAG,ATTACCGCGGCTGCTGG,1179-PBS,300,300,20250317_AV241910_Aviti3_Run_106_03_17_25,1179.PBS.L001,19918,19918,43.1,42.4,0.28,11.7,0,57,300,19918,63.3,21.1,0,30.48,0.04,0,0,0,0,0.56,0,10.59,0,0,58.33,35,Control,TRUE
1217D1LM-PBS,1217D1LM-PBS,1217D1LM-PBS,1217,1,10/13/24,12/9/24,Loehmer,Environmental_Control,FALSE,4,1,Freestall,0.8,0.7,0.6,Elevated,0.7,Elevated,12/24/24,DNeasy PowerSoil Kits,60 ul,0,32,NA,AGAGTTTGATCMTGGCTCAG,ATTACCGCGGCTGCTGG,1217-PBS,300,300,20250317_AV241910_Aviti3_Run_106_03_17_25,1217.PBS.L001,17048,17048,43,42.5,0.35,13.6,0,56,300,17048,65,18,0,28.74,0.29,0,0,0,0,0.08,0,9.47,0,0,61.42,32,Control,TRUE
288-PBS,288-PBS,288-PBS,288,1,10/17/24,12/9/24,Loehmer,Environmental_Control,FALSE,3.25,2,Freestall,0.7,0.7,0.4,Elevated,0.6,Elevated,12/24/24,DNeasy PowerSoil Kits,60 ul,0,35,NA,AGAGTTTGATCMTGGCTCAG,ATTACCGCGGCTGCTGG,288-PBS,300,300,20250317_AV241910_Aviti3_Run_106_03_17_25,288.PBS.L001,24089,24089,42.3,42,0.16,10.83,0,56,300,24089,60.9,24.8,0,26.95,0.21,0.04,0,0,0,0.96,0,9.75,0,0,62.09,35,Control,TRUE
302D1LM-PBS,302D1LM-PBS,302D1LM-PBS,302,1,11/5/24,12/9/24,Loehmer,Environmental_Control,FALSE,3,2,Freestall,0.6,0.5,0.5,Elevated,0.53,Normal,12/24/24,DNeasy PowerSoil Kits,60 ul,0,22,NA,AGAGTTTGATCMTGGCTCAG,ATTACCGCGGCTGCTGG,302-PBS,300,300,20250317_AV241910_Aviti3_Run_106_03_17_25,302.PBS.L001,19681,19681,43,42.6,0.11,11.45,0,57,300,19681,64,20.9,0,25.61,0.27,0,0,0,0,0.06,0,9.34,0,0,64.72,22,Control,TRUE
6767D1LM-PBS,6767D1LM-PBS,6767D1LM-PBS,6767,1,11/6/24,12/9/24,Loehmer,Environmental_Control,FALSE,2.75,3,Freestall,0.5,0.8,0.8,Elevated,0.7,Elevated,12/24/24,DNeasy PowerSoil Kits,60 ul,0,37,NA,AGAGTTTGATCMTGGCTCAG,ATTACCGCGGCTGCTGG,6767-PBS,300,300,20250317_AV241910_Aviti3_Run_106_03_17_25,6767.PBS.L001,20655,20655,43,42.4,0.1,11.36,0,56,300,20655,64.2,20.7,0,16.3,0.57,0,0,0,0,0.05,0,15.77,0,0,67.31,37,Control,TRUE
control-extraction-N-CONTROL-1,N-CONTROL-1,control-extraction-N-CONTROL-1,NA,NA,NA,NA,NA,Extraction_Control,NA,NA,NA,NA,NA,NA,NA,NA,NA,,2/9/25,DNeasy PowerSoil Kits,60 ul,0,1,NA,AGAGTTTGATCMTGGCTCAG,ATTACCGCGGCTGCTGG,N-CONTROL-1,300,300,20250317_AV241910_Aviti3_Run_106_03_17_25,N.CONTROL.1.L001,35511,35511,42.8,42.6,0.07,9.78,0,56,300,35511,55.5,32.1,0,20.12,0.06,0,0,0,0,0.15,0,10.75,0,0,68.92,1,Control,TRUE
control-extraction-N-CONTROL-2,N-CONTROL-2,control-extraction-N-CONTROL-2,NA,NA,NA,NA,NA,Extraction_Control,NA,NA,NA,NA,NA,NA,NA,NA,NA,,2/9/25,DNeasy PowerSoil Kits,60 ul,0,1,NA,AGAGTTTGATCMTGGCTCAG,ATTACCGCGGCTGCTGG,N-CONTROL-2,300,300,20250317_AV241910_Aviti3_Run_106_03_17_25,N.CONTROL.2.L001,18948,18948,42.9,42.6,0.22,11.39,0,56,300,18948,60.3,24.4,0,29.75,0.1,0,0,0,0,0.31,0,6.84,0,0,63,1,Control,TRUE
control-extraction-N-CONTROL-3,N-CONTROL-3,control-extraction-N-CONTROL-3,NA,NA,NA,NA,NA,Extraction_Control,NA,NA,NA,NA,NA,NA,NA,NA,NA,,2/9/25,DNeasy PowerSoil Kits,60 ul,0,1,NA,AGAGTTTGATCMTGGCTCAG,ATTACCGCGGCTGCTGG,N-CONTROL-3,300,300,20250317_AV241910_Aviti3_Run_106_03_17_25,N.CONTROL.3.L001,927,927,42.8,42.3,0.03,54.91,0,56,300,927,38.3,1.9,0,23.95,0.32,0,0,0,0,0.54,0,9.49,0,0,65.7,1,Control,TRUE
control-extraction-N-CONTROL-4,N-CONTROL-4,control-extraction-N-CONTROL-4,NA,NA,NA,NA,NA,Extraction_Control,NA,NA,NA,NA,NA,NA,NA,NA,NA,,2/9/25,DNeasy PowerSoil Kits,60 ul,0,1,NA,AGAGTTTGATCMTGGCTCAG,ATTACCGCGGCTGCTGG,N-CONTROL-4,300,300,20250317_AV241910_Aviti3_Run_106_03_17_25,N.CONTROL.4.L001,18980,18980,43,42.7,0.09,11,0,57,300,18980,63.6,22.3,0,22.19,0.26,0,0,0,0,0.92,0,11.14,0,0.01,65.48,1,Control,TRUE
control-extraction-N-CONTROL-5,N-CONTROL-5,control-extraction-N-CONTROL-5,NA,NA,NA,NA,NA,Extraction_Control,NA,NA,NA,NA,NA,NA,NA,NA,NA,,2/9/25,DNeasy PowerSoil Kits,60 ul,0,1,NA,AGAGTTTGATCMTGGCTCAG,ATTACCGCGGCTGCTGG,N-CONTROL-5,300,300,20250317_AV241910_Aviti3_Run_106_03_17_25,N.CONTROL.5.L001,17077,17077,42.9,42.4,0.07,13.05,0,57,300,17077,63.5,20.2,0,25.41,0.26,0,0,0,0,0.02,0,12.5,0.01,0.01,61.79,1,Control,TRUE
control-te-1,TE-1,control-te-1,NA,NA,NA,NA,NA,Reagent_Control,NA,NA,NA,NA,NA,NA,NA,NA,NA,,2/9/25,DNeasy PowerSoil Kits,60 ul,0,102,NA,AGAGTTTGATCMTGGCTCAG,ATTACCGCGGCTGCTGG,TE-1,300,300,20250317_AV241910_Aviti3_Run_106_03_17_25,TE.1.L001,17192,17192,43.1,42.6,0.21,11.89,0,56,300,17192,64,19.4,0,26.72,0.26,0,0,0,0,0.03,0,12.77,0.01,0,60.21,102,Control,TRUE
control-te-2,TE-2,control-te-2,NA,NA,NA,NA,NA,Reagent_Control,NA,NA,NA,NA,NA,NA,NA,NA,NA,,2/9/25,DNeasy PowerSoil Kits,60 ul,0,102,NA,AGAGTTTGATCMTGGCTCAG,ATTACCGCGGCTGCTGG,TE-2,300,300,20250317_AV241910_Aviti3_Run_106_03_17_25,TE.2.L001,19155,19155,43.1,42.8,0.18,11.74,0,57,300,19155,62,22.5,0,24.55,0.19,0,0,0,0,0.18,0,9.59,0,0,65.49,102,Control,TRUE
control-te-3,TE-3,control-te-3,NA,NA,NA,NA,NA,Reagent_Control,NA,NA,NA,NA,NA,NA,NA,NA,NA,,2/9/25,DNeasy PowerSoil Kits,60 ul,0,102,NA,AGAGTTTGATCMTGGCTCAG,ATTACCGCGGCTGCTGG,TE-3,300,300,20250317_AV241910_Aviti3_Run_106_03_17_25,TE.3.L001,21897,21897,42.6,42.2,0.19,11.37,0,57,300,21897,64,20.1,0,29.49,0.5,0,0,0,0,0.57,0,8.39,0,0,61.05,102,Control,TRUE
control-te-4,TE-4,control-te-4,NA,NA,NA,NA,NA,Reagent_Control,NA,NA,NA,NA,NA,NA,NA,NA,NA,,2/9/25,DNeasy PowerSoil Kits,60 ul,0,102,NA,AGAGTTTGATCMTGGCTCAG,ATTACCGCGGCTGCTGG,TE-4,300,300,20250317_AV241910_Aviti3_Run_106_03_17_25,TE.4.L001,21641,21641,42.6,42.4,0.2,10.64,0,56,300,21641,61,23.9,0,27,0.14,0,0,0,0,2.03,0,14.87,0,0,55.96,102,Control,TRUE
control-te-5,TE-5,control-te-5,NA,NA,NA,NA,NA,Reagent_Control,NA,NA,NA,NA,NA,NA,NA,NA,NA,,2/9/25,DNeasy PowerSoil Kits,60 ul,0,102,NA,AGAGTTTGATCMTGGCTCAG,ATTACCGCGGCTGCTGG,TE-5,300,300,20250317_AV241910_Aviti3_Run_106_03_17_25,TE.5.L001,18666,18666,43.1,42.6,0.23,12.32,0,57,300,18666,63.4,21.1,0,31.19,0.32,0,0,0,0,0.05,0,5.48,0,0,62.96,102,Control,TRUE
